來源表格,編號,中文名,日文名,英文名,屬性,分類
Table_1,1,拍擊,はたく,Pound,一般,物理
Table_1,2,空手劈,からてチョップ,Karate Chop,格鬥,物理
Table_1,3,連環巴掌,おうふくビンタ,Double Slap,一般,物理
Table_1,4,連續拳,れんぞくパンチ,Comet Punch,一般,物理
Table_1,5,百萬噸重拳,メガトンパンチ,Mega Punch,一般,物理
Table_1,6,聚寶功,ネコにこばん,Pay Day,一般,物理
Table_1,7,火焰拳,ほのおのパンチ,Fire Punch,火,物理
Table_1,8,冰凍拳,れいとうパンチ,Ice Punch,冰,物理
Table_1,9,雷電拳,かみなりパンチ,Thunder Punch,電,物理
Table_1,10,抓,ひっかく,Scratch,一般,物理
Table_1,11,夾住,はさむ,Vise Grip,一般,物理
Table_1,12,斷頭鉗,ハサミギロチン,Guillotine,一般,物理
Table_1,13,旋風刀,かまいたち,Razor Wind,一般,特殊
Table_1,14,劍舞,つるぎのまい,Swords Dance,一般,變化
Table_1,15,居合斬,いあいぎり,Cut,一般,物理
Table_1,16,起風,かぜおこし,Gust,飛行,特殊
Table_1,17,翅膀攻擊,つばさでうつ,Wing Attack,飛行,物理
Table_1,18,吹飛,ふきとばし,Whirlwind,一般,變化
Table_1,19,飛翔,そらをとぶ,Fly,飛行,物理
Table_1,20,綁緊,しめつける,Bind,一般,物理
Table_1,21,摔打,たたきつける,Slam,一般,物理
Table_1,22,藤鞭,つるのムチ,Vine Whip,草,物理
Table_1,23,踩踏,ふみつけ,Stomp,一般,物理
Table_1,24,二連踢,にどげり,Double Kick,格鬥,物理
Table_1,25,百萬噸重踢,メガトンキック,Mega Kick,一般,物理
Table_1,26,飛踢,とびげり,Jump Kick,格鬥,物理
Table_1,27,迴旋踢,まわしげり,Rolling Kick,格鬥,物理
Table_1,28,潑沙,すなかけ,Sand Attack,地面,變化
Table_1,29,頭錘,ずつき,Headbutt,一般,物理
Table_1,30,角撞,つのでつく,Horn Attack,一般,物理
Table_1,31,亂擊,みだれづき,Fury Attack,一般,物理
Table_1,32,角鑽,つのドリル,Horn Drill,一般,物理
Table_1,33,撞擊,たいあたり,Tackle,一般,物理
Table_1,34,泰山壓頂,のしかかり,Body Slam,一般,物理
Table_1,35,緊束,まきつく,Wrap,一般,物理
Table_1,36,猛撞,とっしん,Take Down,一般,物理
Table_1,37,大鬧一番,あばれる,Thrash,一般,物理
Table_1,38,捨身衝撞,すてみタックル,Double-Edge,一般,物理
Table_1,39,搖尾巴,しっぽをふる,Tail Whip,一般,變化
Table_1,40,毒針,どくばり,Poison Sting,毒,物理
Table_1,41,雙針,ダブルニードル,Twineedle,蟲,物理
Table_1,42,飛彈針,ミサイルばり,Pin Missile,蟲,物理
Table_1,43,瞪眼,にらみつける,Leer,一般,變化
Table_1,44,咬住,かみつく,Bite,惡,物理
Table_1,45,叫聲,なきごえ,Growl,一般,變化
Table_1,46,吼叫,ほえる,Roar,一般,變化
Table_1,47,唱歌,うたう,Sing,一般,變化
Table_1,48,超音波,ちょうおんぱ,Supersonic,一般,變化
Table_1,49,音爆,ソニックブーム,Sonic Boom,一般,特殊
Table_1,50,定身法,かなしばり,Disable,一般,變化
Table_1,51,溶解液,ようかいえき,Acid,毒,特殊
Table_1,52,火花,ひのこ,Ember,火,特殊
Table_1,53,噴射火焰,かえんほうしゃ,Flamethrower,火,特殊
Table_1,54,白霧,しろいきり,Mist,冰,變化
Table_1,55,水槍,みずでっぽう,Water Gun,水,特殊
Table_1,56,水炮,ハイドロポンプ,Hydro Pump,水,特殊
Table_1,57,衝浪,なみのり,Surf,水,特殊
Table_1,58,冰凍光束,れいとうビーム,Ice Beam,冰,特殊
Table_1,59,暴風雪,ふぶき,Blizzard,冰,特殊
Table_1,60,幻象光線,サイケこうせん,Psybeam,超能力,特殊
Table_1,61,泡沫光線,バブルこうせん,Bubble Beam,水,特殊
Table_1,62,極光束,オーロラビーム,Aurora Beam,冰,特殊
Table_1,63,破壞光線,はかいこうせん,Hyper Beam,一般,特殊
Table_1,64,啄,つつく,Peck,飛行,物理
Table_1,65,啄鑽,ドリルくちばし,Drill Peck,飛行,物理
Table_1,66,地獄翻滾,じごくぐるま,Submission,格鬥,物理
Table_1,67,踢倒,けたぐり,Low Kick,格鬥,物理
Table_1,68,雙倍奉還,カウンター,Counter,格鬥,物理
Table_1,69,地球上投,ちきゅうなげ,Seismic Toss,格鬥,物理
Table_1,70,怪力,かいりき,Strength,一般,物理
Table_1,71,吸取,すいとる,Absorb,草,特殊
Table_1,72,超級吸取,メガドレイン,Mega Drain,草,特殊
Table_1,73,寄生種子,やどりぎのタネ,Leech Seed,草,變化
Table_1,74,生長,せいちょう,Growth,草,變化
Table_1,75,飛葉快刀,はっぱカッター,Razor Leaf,草,物理
Table_1,76,日光束,ソーラービーム,Solar Beam,草,特殊
Table_1,77,毒粉,どくのこな,Poison Powder,毒,變化
Table_1,78,麻痺粉,しびれごな,Stun Spore,草,變化
Table_1,79,催眠粉,ねむりごな,Sleep Powder,草,變化
Table_1,80,花瓣舞,はなびらのまい,Petal Dance,草,特殊
Table_1,81,吐絲,いとをはく,String Shot,蟲,變化
Table_1,82,龍之怒,りゅうのいかり,Dragon Rage,龍,特殊
Table_1,83,火焰旋渦,ほのおのうず,Fire Spin,火,特殊
Table_1,84,電擊,でんきショック,Thunder Shock,電,特殊
Table_1,85,十萬伏特,１０まんボルト,Thunderbolt,電,特殊
Table_1,86,電磁波,でんじは,Thunder Wave,電,變化
Table_1,87,打雷,かみなり,Thunder,電,特殊
Table_1,88,落石,いわおとし,Rock Throw,岩石,物理
Table_1,89,地震,じしん,Earthquake,地面,物理
Table_1,90,地裂,じわれ,Fissure,地面,物理
Table_1,91,挖洞,あなをほる,Dig,地面,物理
Table_1,92,劇毒,どくどく,Toxic,毒,變化
Table_1,93,念力,ねんりき,Confusion,超能力,特殊
Table_1,94,精神強念,サイコキネシス,Psychic,超能力,特殊
Table_1,95,催眠術,さいみんじゅつ,Hypnosis,超能力,變化
Table_1,96,瑜伽姿勢,ヨガのポーズ,Meditate,超能力,變化
Table_1,97,高速移動,こうそくいどう,Agility,超能力,變化
Table_1,98,電光一閃,でんこうせっか,Quick Attack,一般,物理
Table_1,99,憤怒,いかり,Rage,一般,物理
Table_1,100,瞬間移動,テレポート,Teleport,超能力,變化
Table_1,101,黑夜魔影,ナイトヘッド,Night Shade,幽靈,特殊
Table_1,102,模仿,ものまね,Mimic,一般,變化
Table_1,103,刺耳聲,いやなおと,Screech,一般,變化
Table_1,104,影子分身,かげぶんしん,Double Team,一般,變化
Table_1,105,自我再生,じこさいせい,Recover,一般,變化
Table_1,106,變硬,かたくなる,Harden,一般,變化
Table_1,107,變小,ちいさくなる,Minimize,一般,變化
Table_1,108,煙幕,えんまく,Smokescreen,一般,變化
Table_1,109,奇異之光,あやしいひかり,Confuse Ray,幽靈,變化
Table_1,110,縮入殼中,からにこもる,Withdraw,水,變化
Table_1,111,變圓,まるくなる,Defense Curl,一般,變化
Table_1,112,屏障,バリアー,Barrier,超能力,變化
Table_1,113,光牆,ひかりのかべ,Light Screen,超能力,變化
Table_1,114,黑霧,くろいきり,Haze,冰,變化
Table_1,115,反射壁,リフレクター,Reflect,超能力,變化
Table_1,116,聚氣,きあいだめ,Focus Energy,一般,變化
Table_1,117,忍耐,がまん,Bide,一般,物理
Table_1,118,揮指,ゆびをふる,Metronome,一般,變化
Table_1,119,鸚鵡學舌,オウムがえし,Mirror Move,飛行,變化
Table_1,120,自爆,じばく,Self-Destruct,一般,物理
Table_1,121,炸蛋,タマゴばくだん,Egg Bomb,一般,物理
Table_1,122,舌舔,したでなめる,Lick,幽靈,物理
Table_1,123,濁霧,スモッグ,Smog,毒,特殊
Table_1,124,污泥攻擊,ヘドロこうげき,Sludge,毒,特殊
Table_1,125,骨棒,ホネこんぼう,Bone Club,地面,物理
Table_1,126,大字爆炎,だいもんじ,Fire Blast,火,特殊
Table_1,127,攀瀑,たきのぼり,Waterfall,水,物理
Table_1,128,貝殼夾擊,からではさむ,Clamp,水,物理
Table_1,129,高速星星,スピードスター,Swift,一般,特殊
Table_1,130,火箭頭錘,ロケットずつき,Skull Bash,一般,物理
Table_1,131,尖刺加農炮,とげキャノン,Spike Cannon,一般,物理
Table_1,132,纏繞,からみつく,Constrict,一般,物理
Table_1,133,瞬間失憶,ドわすれ,Amnesia,超能力,變化
Table_1,134,折彎湯匙,スプーンまげ,Kinesis,超能力,變化
Table_1,135,生蛋,タマゴうみ,Soft-Boiled,一般,變化
Table_1,136,飛膝踢,とびひざげり,High Jump Kick,格鬥,物理
Table_1,137,大蛇瞪眼,へびにらみ,Glare,一般,變化
Table_1,138,食夢,ゆめくい,Dream Eater,超能力,特殊
Table_1,139,毒瓦斯,どくガス,Poison Gas,毒,變化
Table_1,140,投球,たまなげ,Barrage,一般,物理
Table_1,141,吸血,きゅうけつ,Leech Life,蟲,物理
Table_1,142,惡魔之吻,あくまのキッス,Lovely Kiss,一般,變化
Table_1,143,神鳥猛擊,ゴッドバード,Sky Attack,飛行,物理
Table_1,144,變身,へんしん,Transform,一般,變化
Table_1,145,泡沫,あわ,Bubble,水,特殊
Table_1,146,迷昏拳,ピヨピヨパンチ,Dizzy Punch,一般,物理
Table_1,147,蘑菇孢子,キノコのほうし,Spore,草,變化
Table_1,148,閃光,フラッシュ,Flash,一般,變化
Table_1,149,精神波,サイコウェーブ,Psywave,超能力,特殊
Table_1,150,躍起,はねる,Splash,一般,變化
Table_1,151,溶化,とける,Acid Armor,毒,變化
Table_1,152,蟹鉗錘,クラブハンマー,Crabhammer,水,物理
Table_1,153,大爆炸,だいばくはつ,Explosion,一般,物理
Table_1,154,亂抓,みだれひっかき,Fury Swipes,一般,物理
Table_1,155,骨頭回力鏢,ホネブーメラン,Bonemerang,地面,物理
Table_1,156,睡覺,ねむる,Rest,超能力,變化
Table_1,157,岩崩,いわなだれ,Rock Slide,岩石,物理
Table_1,158,必殺門牙,ひっさつまえば,Hyper Fang,一般,物理
Table_1,159,稜角化,かくばる,Sharpen,一般,變化
Table_1,160,紋理,テクスチャー,Conversion,一般,變化
Table_1,161,三重攻擊,トライアタック,Tri Attack,一般,特殊
Table_1,162,憤怒門牙,いかりのまえば,Super Fang,一般,物理
Table_1,163,劈開,きりさく,Slash,一般,物理
Table_1,164,替身,みがわり,Substitute,一般,變化
Table_1,165,掙扎,わるあがき,Struggle,一般,物理
Table_2,166,寫生,スケッチ,Sketch,一般,變化
Table_2,167,三連踢,トリプルキック,Triple Kick,格鬥,物理
Table_2,168,小偷,どろぼう,Thief,惡,物理
Table_2,169,蛛網,クモのす,Spider Web,蟲,變化
Table_2,170,心之眼,こころのめ,Mind Reader,一般,變化
Table_2,171,惡夢,あくむ,Nightmare,幽靈,變化
Table_2,172,火焰輪,かえんぐるま,Flame Wheel,火,物理
Table_2,173,打鼾,いびき,Snore,一般,特殊
Table_2,174,詛咒,のろい,Curse,幽靈,變化
Table_2,175,抓狂,じたばた,Flail,一般,物理
Table_2,176,紋理２,テクスチャー２,Conversion 2,一般,變化
Table_2,177,氣旋攻擊,エアロブラスト,Aeroblast,飛行,特殊
Table_2,178,棉孢子,わたほうし,Cotton Spore,草,變化
Table_2,179,起死回生,きしかいせい,Reversal,格鬥,物理
Table_2,180,怨恨,うらみ,Spite,幽靈,變化
Table_2,181,細雪,こなゆき,Powder Snow,冰,特殊
Table_2,182,守住,まもる,Protect,一般,變化
Table_2,183,音速拳,マッハパンチ,Mach Punch,格鬥,物理
Table_2,184,鬼面,こわいかお,Scary Face,一般,變化
Table_2,185,出奇一擊,だましうち,Feint Attack,惡,物理
Table_2,186,天使之吻,てんしのキッス,Sweet Kiss,妖精,變化
Table_2,187,腹鼓,はらだいこ,Belly Drum,一般,變化
Table_2,188,污泥炸彈,ヘドロばくだん,Sludge Bomb,毒,特殊
Table_2,189,擲泥,どろかけ,Mud-Slap,地面,特殊
Table_2,190,章魚桶炮,オクタンほう,Octazooka,水,特殊
Table_2,191,撒菱,まきびし,Spikes,地面,變化
Table_2,192,電磁炮,でんじほう,Zap Cannon,電,特殊
Table_2,193,識破,みやぶる,Foresight,一般,變化
Table_2,194,同命,みちづれ,Destiny Bond,幽靈,變化
Table_2,195,滅亡之歌,ほろびのうた,Perish Song,一般,變化
Table_2,196,冰凍之風,こごえるかぜ,Icy Wind,冰,特殊
Table_2,197,看穿,みきり,Detect,格鬥,變化
Table_2,198,骨棒亂打,ボーンラッシュ,Bone Rush,地面,物理
Table_2,199,鎖定,ロックオン,Lock-On,一般,變化
Table_2,200,逆鱗,げきりん,Outrage,龍,物理
Table_2,201,沙暴,すなあらし,Sandstorm,岩石,變化
Table_2,202,終極吸取,ギガドレイン,Giga Drain,草,特殊
Table_2,203,挺住,こらえる,Endure,一般,變化
Table_2,204,撒嬌,あまえる,Charm,妖精,變化
Table_2,205,滾動,ころがる,Rollout,岩石,物理
Table_2,206,點到為止,みねうち,False Swipe,一般,物理
Table_2,207,虛張聲勢,いばる,Swagger,一般,變化
Table_2,208,喝牛奶,ミルクのみ,Milk Drink,一般,變化
Table_2,209,電光,スパーク,Spark,電,物理
Table_2,210,連斬,れんぞくぎり,Fury Cutter,蟲,物理
Table_2,211,鋼翼,はがねのつばさ,Steel Wing,鋼,物理
Table_2,212,黑色目光,くろいまなざし,Mean Look,一般,變化
Table_2,213,迷人,メロメロ,Attract,一般,變化
Table_2,214,夢話,ねごと,Sleep Talk,一般,變化
Table_2,215,治癒鈴聲,いやしのすず,Heal Bell,一般,變化
Table_2,216,報恩,おんがえし,Return,一般,物理
Table_2,217,禮物,プレゼント,Present,一般,物理
Table_2,218,遷怒,やつあたり,Frustration,一般,物理
Table_2,219,神秘守護,しんぴのまもり,Safeguard,一般,變化
Table_2,220,分擔痛楚,いたみわけ,Pain Split,一般,變化
Table_2,221,神聖之火,せいなるほのお,Sacred Fire,火,物理
Table_2,222,震級,マグニチュード,Magnitude,地面,物理
Table_2,223,爆裂拳,ばくれつパンチ,Dynamic Punch,格鬥,物理
Table_2,224,超級角擊,メガホーン,Megahorn,蟲,物理
Table_2,225,龍息,りゅうのいぶき,Dragon Breath,龍,特殊
Table_2,226,接棒,バトンタッチ,Baton Pass,一般,變化
Table_2,227,再來一次,アンコール,Encore,一般,變化
Table_2,228,追打,おいうち,Pursuit,惡,物理
Table_2,229,高速旋轉,こうそくスピン,Rapid Spin,一般,物理
Table_2,230,甜甜香氣,あまいかおり,Sweet Scent,一般,變化
Table_2,231,鐵尾,アイアンテール,Iron Tail,鋼,物理
Table_2,232,金屬爪,メタルクロー,Metal Claw,鋼,物理
Table_2,233,借力摔,あてみなげ,Vital Throw,格鬥,物理
Table_2,234,晨光,あさのひざし,Morning Sun,一般,變化
Table_2,235,光合作用,こうごうせい,Synthesis,草,變化
Table_2,236,月光,つきのひかり,Moonlight,妖精,變化
Table_2,237,覺醒力量,めざめるパワー,Hidden Power,一般,特殊
Table_2,238,十字劈,クロスチョップ,Cross Chop,格鬥,物理
Table_2,239,龍捲風,たつまき,Twister,龍,特殊
Table_2,240,求雨,あまごい,Rain Dance,水,變化
Table_2,241,大晴天,にほんばれ,Sunny Day,火,變化
Table_2,242,咬碎,かみくだく,Crunch,惡,物理
Table_2,243,鏡面反射,ミラーコート,Mirror Coat,超能力,特殊
Table_2,244,自我暗示,じこあんじ,Psych Up,一般,變化
Table_2,245,神速,しんそく,Extreme Speed,一般,物理
Table_2,246,原始之力,げんしのちから,Ancient Power,岩石,特殊
Table_2,247,暗影球,シャドーボール,Shadow Ball,幽靈,特殊
Table_2,248,預知未來,みらいよち,Future Sight,超能力,特殊
Table_2,249,碎岩,いわくだき,Rock Smash,格鬥,物理
Table_2,250,潮旋,うずしお,Whirlpool,水,特殊
Table_2,251,圍攻,ふくろだたき,Beat Up,惡,物理
Table_3,252,擊掌奇襲,ねこだまし,Fake Out,一般,物理
Table_3,253,吵鬧,さわぐ,Uproar,一般,特殊
Table_3,254,蓄力,たくわえる,Stockpile,一般,變化
Table_3,255,噴出,はきだす,Spit Up,一般,特殊
Table_3,256,吞下,のみこむ,Swallow,一般,變化
Table_3,257,熱風,ねっぷう,Heat Wave,火,特殊
Table_3,258,冰雹,あられ,Hail,冰,變化
Table_3,259,無理取鬧,いちゃもん,Torment,惡,變化
Table_3,260,吹捧,おだてる,Flatter,惡,變化
Table_3,261,鬼火,おにび,Will-O-Wisp,火,變化
Table_3,262,臨別禮物,おきみやげ,Memento,惡,變化
Table_3,263,硬撐,からげんき,Facade,一般,物理
Table_3,264,真氣拳,きあいパンチ,Focus Punch,格鬥,物理
Table_3,265,清醒,きつけ,Smelling Salts,一般,物理
Table_3,266,看我嘛,このゆびとまれ,Follow Me,一般,變化
Table_3,267,自然之力,しぜんのちから,Nature Power,一般,變化
Table_3,268,充電,じゅうでん,Charge,電,變化
Table_3,269,挑釁,ちょうはつ,Taunt,惡,變化
Table_3,270,幫助,てだすけ,Helping Hand,一般,變化
Table_3,271,戲法,トリック,Trick,超能力,變化
Table_3,272,扮演,なりきり,Role Play,超能力,變化
Table_3,273,祈願,ねがいごと,Wish,一般,變化
Table_3,274,藉助,ねこのて,Assist,一般,變化
Table_3,275,扎根,ねをはる,Ingrain,草,變化
Table_3,276,蠻力,ばかぢから,Superpower,格鬥,物理
Table_3,277,魔法反射,マジックコート,Magic Coat,超能力,變化
Table_3,278,回收利用,リサイクル,Recycle,一般,變化
Table_3,279,報復,リベンジ,Revenge,格鬥,物理
Table_3,280,劈瓦,かわらわり,Brick Break,格鬥,物理
Table_3,281,哈欠,あくび,Yawn,一般,變化
Table_3,282,拍落,はたきおとす,Knock Off,惡,物理
Table_3,283,蠻幹,がむしゃら,Endeavor,一般,物理
Table_3,284,噴火,ふんか,Eruption,火,特殊
Table_3,285,特性互換,スキルスワップ,Skill Swap,超能力,變化
Table_3,286,封印,ふういん,Imprison,超能力,變化
Table_3,287,煥然一新,リフレッシュ,Refresh,一般,變化
Table_3,288,怨念,おんねん,Grudge,幽靈,變化
Table_3,289,搶奪,よこどり,Snatch,惡,變化
Table_3,290,秘密之力,ひみつのちから,Secret Power,一般,物理
Table_3,291,潛水,ダイビング,Dive,水,物理
Table_3,292,猛推,つっぱり,Arm Thrust,格鬥,物理
Table_3,293,保護色,ほごしょく,Camouflage,一般,變化
Table_3,294,螢火,ほたるび,Tail Glow,蟲,變化
Table_3,295,潔淨光芒,ラスターパージ,Luster Purge,超能力,特殊
Table_3,296,薄霧球,ミストボール,Mist Ball,超能力,特殊
Table_3,297,羽毛舞,フェザーダンス,Feather Dance,飛行,變化
Table_3,298,搖晃舞,フラフラダンス,Teeter Dance,一般,變化
Table_3,299,火焰踢,ブレイズキック,Blaze Kick,火,物理
Table_3,300,玩泥巴,どろあそび,Mud Sport,地面,變化
Table_3,301,冰球,アイスボール,Ice Ball,冰,物理
Table_3,302,尖刺臂,ニードルアーム,Needle Arm,草,物理
Table_3,303,偷懶,なまける,Slack Off,一般,變化
Table_3,304,巨聲,ハイパーボイス,Hyper Voice,一般,特殊
Table_3,305,劇毒牙,どくどくのキバ,Poison Fang,毒,物理
Table_3,306,撕裂爪,ブレイククロー,Crush Claw,一般,物理
Table_3,307,爆炸烈焰,ブラストバーン,Blast Burn,火,特殊
Table_3,308,加農水炮,ハイドロカノン,Hydro Cannon,水,特殊
Table_3,309,彗星拳,コメットパンチ,Meteor Mash,鋼,物理
Table_3,310,驚嚇,おどろかす,Astonish,幽靈,物理
Table_3,311,氣象球,ウェザーボール,Weather Ball,一般,特殊
Table_3,312,芳香治療,アロマセラピー,Aromatherapy,草,變化
Table_3,313,假哭,うそなき,Fake Tears,惡,變化
Table_3,314,空氣利刃,エアカッター,Air Cutter,飛行,特殊
Table_3,315,過熱,オーバーヒート,Overheat,火,特殊
Table_3,316,氣味偵測,かぎわける,Odor Sleuth,一般,變化
Table_3,317,岩石封鎖,がんせきふうじ,Rock Tomb,岩石,物理
Table_3,318,銀色旋風,ぎんいろのかぜ,Silver Wind,蟲,特殊
Table_3,319,金屬音,きんぞくおん,Metal Sound,鋼,變化
Table_3,320,草笛,くさぶえ,Grass Whistle,草,變化
Table_3,321,搔癢,くすぐる,Tickle,一般,變化
Table_3,322,宇宙力量,コスモパワー,Cosmic Power,超能力,變化
Table_3,323,噴水,しおふき,Water Spout,水,特殊
Table_3,324,信號光束,シグナルビーム,Signal Beam,蟲,特殊
Table_3,325,暗影拳,シャドーパンチ,Shadow Punch,幽靈,物理
Table_3,326,神通力,じんつうりき,Extrasensory,超能力,特殊
Table_3,327,衝天拳,スカイアッパー,Sky Uppercut,格鬥,物理
Table_3,328,流沙地獄,すなじごく,Sand Tomb,地面,物理
Table_3,329,絕對零度,ぜったいれいど,Sheer Cold,冰,特殊
Table_3,330,濁流,だくりゅう,Muddy Water,水,特殊
Table_3,331,種子機關槍,タネマシンガン,Bullet Seed,草,物理
Table_3,332,燕返,つばめがえし,Aerial Ace,飛行,物理
Table_3,333,冰錐,つららばり,Icicle Spear,冰,物理
Table_3,334,鐵壁,てっぺき,Iron Defense,鋼,變化
Table_3,335,擋路,とおせんぼう,Block,一般,變化
Table_3,336,長嚎,とおぼえ,Howl,一般,變化
Table_3,337,龍爪,ドラゴンクロー,Dragon Claw,龍,物理
Table_3,338,瘋狂植物,ハードプラント,Frenzy Plant,草,特殊
Table_3,339,健美,ビルドアップ,Bulk Up,格鬥,變化
Table_3,340,彈跳,とびはねる,Bounce,飛行,物理
Table_3,341,泥巴射擊,マッドショット,Mud Shot,地面,特殊
Table_3,342,毒尾,ポイズンテール,Poison Tail,毒,物理
Table_3,343,渴望,ほしがる,Covet,一般,物理
Table_3,344,伏特攻擊,ボルテッカー,Volt Tackle,電,物理
Table_3,345,魔法葉,マジカルリーフ,Magical Leaf,草,特殊
Table_3,346,玩水,みずあそび,Water Sport,水,變化
Table_3,347,冥想,めいそう,Calm Mind,超能力,變化
Table_3,348,葉刃,リーフブレード,Leaf Blade,草,物理
Table_3,349,龍之舞,りゅうのまい,Dragon Dance,龍,變化
Table_3,350,岩石爆擊,ロックブラスト,Rock Blast,岩石,物理
Table_3,351,電擊波,でんげきは,Shock Wave,電,特殊
Table_3,352,水之波動,みずのはどう,Water Pulse,水,特殊
Table_3,353,破滅之願,はめつのねがい,Doom Desire,鋼,特殊
Table_3,354,精神突進,サイコブースト,Psycho Boost,超能力,特殊
Table_4,355,羽棲,はねやすめ,Roost,飛行,變化
Table_4,356,重力,じゅうりょく,Gravity,超能力,變化
Table_4,357,奇跡之眼,ミラクルアイ,Miracle Eye,超能力,變化
Table_4,358,喚醒巴掌,めざましビンタ,Wake-Up Slap,格鬥,物理
Table_4,359,臂錘,アームハンマー,Hammer Arm,格鬥,物理
Table_4,360,陀螺球,ジャイロボール,Gyro Ball,鋼,物理
Table_4,361,治癒之願,いやしのねがい,Healing Wish,超能力,變化
Table_4,362,鹽水,しおみず,Brine,水,特殊
Table_4,363,自然之恩,しぜんのめぐみ,Natural Gift,一般,物理
Table_4,364,佯攻,フェイント,Feint,一般,物理
Table_4,365,啄食,ついばむ,Pluck,飛行,物理
Table_4,366,順風,おいかぜ,Tailwind,飛行,變化
Table_4,367,點穴,つぼをつく,Acupressure,一般,變化
Table_4,368,金屬爆炸,メタルバースト,Metal Burst,鋼,物理
Table_4,369,急速折返,とんぼがえり,U-turn,蟲,物理
Table_4,370,近身戰,インファイト,Close Combat,格鬥,物理
Table_4,371,以牙還牙,しっぺがえし,Payback,惡,物理
Table_4,372,惡意追擊,ダメおし,Assurance,惡,物理
Table_4,373,查封,さしおさえ,Embargo,惡,變化
Table_4,374,投擲,なげつける,Fling,惡,物理
Table_4,375,精神轉移,サイコシフト,Psycho Shift,超能力,變化
Table_4,376,王牌,きりふだ,Trump Card,一般,特殊
Table_4,377,回復封鎖,かいふくふうじ,Heal Block,超能力,變化
Table_4,378,絞緊,しぼりとる,Wring Out,一般,特殊
Table_4,379,力量戲法,パワートリック,Power Trick,超能力,變化
Table_4,380,胃液,いえき,Gastro Acid,毒,變化
Table_4,381,幸運咒語,おまじない,Lucky Chant,一般,變化
Table_4,382,搶先一步,さきどり,Me First,一般,變化
Table_4,383,仿效,まねっこ,Copycat,一般,變化
Table_4,384,力量互換,パワースワップ,Power Swap,超能力,變化
Table_4,385,防守互換,ガードスワップ,Guard Swap,超能力,變化
Table_4,386,懲罰,おしおき,Punishment,惡,物理
Table_4,387,珍藏,とっておき,Last Resort,一般,物理
Table_4,388,煩惱種子,なやみのタネ,Worry Seed,草,變化
Table_4,389,突襲,ふいうち,Sucker Punch,惡,物理
Table_4,390,毒菱,どくびし,Toxic Spikes,毒,變化
Table_4,391,心靈互換,ハートスワップ,Heart Swap,超能力,變化
Table_4,392,水流環,アクアリング,Aqua Ring,水,變化
Table_4,393,電磁飄浮,でんじふゆう,Magnet Rise,電,變化
Table_4,394,閃焰衝鋒,フレアドライブ,Flare Blitz,火,物理
Table_4,395,發勁,はっけい,Force Palm,格鬥,物理
Table_4,396,波導彈,はどうだん,Aura Sphere,格鬥,特殊
Table_4,397,岩石打磨,ロックカット,Rock Polish,岩石,變化
Table_4,398,毒擊,どくづき,Poison Jab,毒,物理
Table_4,399,惡之波動,あくのはどう,Dark Pulse,惡,特殊
Table_4,400,暗襲要害,つじぎり,Night Slash,惡,物理
Table_4,401,水流尾,アクアテール,Aqua Tail,水,物理
Table_4,402,種子炸彈,タネばくだん,Seed Bomb,草,物理
Table_4,403,空氣斬,エアスラッシュ,Air Slash,飛行,特殊
Table_4,404,十字剪,シザークロス,X-Scissor,蟲,物理
Table_4,405,蟲鳴,むしのさざめき,Bug Buzz,蟲,特殊
Table_4,406,龍之波動,りゅうのはどう,Dragon Pulse,龍,特殊
Table_4,407,龍之俯衝,ドラゴンダイブ,Dragon Rush,龍,物理
Table_4,408,力量寶石,パワージェム,Power Gem,岩石,特殊
Table_4,409,吸取拳,ドレインパンチ,Drain Punch,格鬥,物理
Table_4,410,真空波,しんくうは,Vacuum Wave,格鬥,特殊
Table_4,411,真氣彈,きあいだま,Focus Blast,格鬥,特殊
Table_4,412,能量球,エナジーボール,Energy Ball,草,特殊
Table_4,413,勇鳥猛攻,ブレイブバード,Brave Bird,飛行,物理
Table_4,414,大地之力,だいちのちから,Earth Power,地面,特殊
Table_4,415,掉包,すりかえ,Switcheroo,惡,變化
Table_4,416,終極衝擊,ギガインパクト,Giga Impact,一般,物理
Table_4,417,詭計,わるだくみ,Nasty Plot,惡,變化
Table_4,418,子彈拳,バレットパンチ,Bullet Punch,鋼,物理
Table_4,419,雪崩,ゆきなだれ,Avalanche,冰,物理
Table_4,420,冰礫,こおりのつぶて,Ice Shard,冰,物理
Table_4,421,暗影爪,シャドークロー,Shadow Claw,幽靈,物理
Table_4,422,雷電牙,かみなりのキバ,Thunder Fang,電,物理
Table_4,423,冰凍牙,こおりのキバ,Ice Fang,冰,物理
Table_4,424,火焰牙,ほのおのキバ,Fire Fang,火,物理
Table_4,425,影子偷襲,かげうち,Shadow Sneak,幽靈,物理
Table_4,426,泥巴炸彈,どろばくだん,Mud Bomb,地面,特殊
Table_4,427,精神利刃,サイコカッター,Psycho Cut,超能力,物理
Table_4,428,意念頭錘,しねんのずつき,Zen Headbutt,超能力,物理
Table_4,429,鏡光射擊,ミラーショット,Mirror Shot,鋼,特殊
Table_4,430,加農光炮,ラスターカノン,Flash Cannon,鋼,特殊
Table_4,431,攀岩,ロッククライム,Rock Climb,一般,物理
Table_4,432,清除濃霧,きりばらい,Defog,飛行,變化
Table_4,433,戲法空間,トリックルーム,Trick Room,超能力,變化
Table_4,434,流星群,りゅうせいぐん,Draco Meteor,龍,特殊
Table_4,435,放電,ほうでん,Discharge,電,特殊
Table_4,436,噴煙,ふんえん,Lava Plume,火,特殊
Table_4,437,飛葉風暴,リーフストーム,Leaf Storm,草,特殊
Table_4,438,強力鞭打,パワーウィップ,Power Whip,草,物理
Table_4,439,岩石炮,がんせきほう,Rock Wrecker,岩石,物理
Table_4,440,十字毒刃,クロスポイズン,Cross Poison,毒,物理
Table_4,441,垃圾射擊,ダストシュート,Gunk Shot,毒,物理
Table_4,442,鐵頭,アイアンヘッド,Iron Head,鋼,物理
Table_4,443,磁鐵炸彈,マグネットボム,Magnet Bomb,鋼,物理
Table_4,444,尖石攻擊,ストーンエッジ,Stone Edge,岩石,物理
Table_4,445,誘惑,ゆうわく,Captivate,一般,變化
Table_4,446,隱形岩,ステルスロック,Stealth Rock,岩石,變化
Table_4,447,打草結,くさむすび,Grass Knot,草,特殊
Table_4,448,喋喋不休,おしゃべり,Chatter,飛行,特殊
Table_4,449,制裁光礫,さばきのつぶて,Judgment,一般,特殊
Table_4,450,蟲咬,むしくい,Bug Bite,蟲,物理
Table_4,451,充電光束,チャージビーム,Charge Beam,電,特殊
Table_4,452,木槌,ウッドハンマー,Wood Hammer,草,物理
Table_4,453,水流噴射,アクアジェット,Aqua Jet,水,物理
Table_4,454,攻擊指令,こうげきしれい,Attack Order,蟲,物理
Table_4,455,防禦指令,ぼうぎょしれい,Defend Order,蟲,變化
Table_4,456,回復指令,かいふくしれい,Heal Order,蟲,變化
Table_4,457,雙刃頭錘,もろはのずつき,Head Smash,岩石,物理
Table_4,458,二連擊,ダブルアタック,Double Hit,一般,物理
Table_4,459,時光咆哮,ときのほうこう,Roar of Time,龍,特殊
Table_4,460,亞空裂斬,あくうせつだん,Spacial Rend,龍,特殊
Table_4,461,新月舞,みかづきのまい,Lunar Dance,超能力,變化
Table_4,462,捏碎,にぎりつぶす,Crush Grip,一般,物理
Table_4,463,熔岩風暴,マグマストーム,Magma Storm,火,特殊
Table_4,464,暗黑洞,ダークホール,Dark Void,惡,變化
Table_4,465,種子閃光,シードフレア,Seed Flare,草,特殊
Table_4,466,奇異之風,あやしいかぜ,Ominous Wind,幽靈,特殊
Table_4,467,暗影潛襲,シャドーダイブ,Shadow Force,幽靈,物理
Table_5,468,磨爪,つめとぎ,Hone Claws,惡,變化
Table_5,469,廣域防守,ワイドガード,Wide Guard,岩石,變化
Table_5,470,防守平分,ガードシェア,Guard Split,超能力,變化
Table_5,471,力量平分,パワーシェア,Power Split,超能力,變化
Table_5,472,奇妙空間,ワンダールーム,Wonder Room,超能力,變化
Table_5,473,精神衝擊,サイコショック,Psyshock,超能力,特殊
Table_5,474,毒液衝擊,ベノムショック,Venoshock,毒,特殊
Table_5,475,身體輕量化,ボディパージ,Autotomize,鋼,變化
Table_5,476,憤怒粉,いかりのこな,Rage Powder,蟲,變化
Table_5,477,意念移物,テレキネシス,Telekinesis,超能力,變化
Table_5,478,魔法空間,マジックルーム,Magic Room,超能力,變化
Table_5,479,擊落,うちおとす,Smack Down,岩石,物理
Table_5,480,山嵐摔,やまあらし,Storm Throw,格鬥,物理
Table_5,481,烈焰濺射,はじけるほのお,Flame Burst,火,特殊
Table_5,482,污泥波,ヘドロウェーブ,Sludge Wave,毒,特殊
Table_5,483,蝶舞,ちょうのまい,Quiver Dance,蟲,變化
Table_5,484,重磅衝撞,ヘビーボンバー,Heavy Slam,鋼,物理
Table_5,485,同步干擾,シンクロノイズ,Synchronoise,超能力,特殊
Table_5,486,電球,エレキボール,Electro Ball,電,特殊
Table_5,487,浸水,みずびたし,Soak,水,變化
Table_5,488,蓄能焰襲,ニトロチャージ,Flame Charge,火,物理
Table_5,489,盤蜷,とぐろをまく,Coil,毒,變化
Table_5,490,下盤踢,ローキック,Low Sweep,格鬥,物理
Table_5,491,酸液炸彈,アシッドボム,Acid Spray,毒,特殊
Table_5,492,欺詐,イカサマ,Foul Play,惡,物理
Table_5,493,單純光束,シンプルビーム,Simple Beam,一般,變化
Table_5,494,找夥伴,なかまづくり,Entrainment,一般,變化
Table_5,495,您先請,おさきにどうぞ,After You,一般,變化
Table_5,496,輪唱,りんしょう,Round,一般,特殊
Table_5,497,迴聲,エコーボイス,Echoed Voice,一般,特殊
Table_5,498,逐步擊破,なしくずし,Chip Away,一般,物理
Table_5,499,清除之煙,クリアスモッグ,Clear Smog,毒,特殊
Table_5,500,輔助力量,アシストパワー,Stored Power,超能力,特殊
Table_5,501,快速防守,ファストガード,Quick Guard,格鬥,變化
Table_5,502,交換場地,サイドチェンジ,Ally Switch,超能力,變化
Table_5,503,熱水,ねっとう,Scald,水,特殊
Table_5,504,破殼,からをやぶる,Shell Smash,一般,變化
Table_5,505,治癒波動,いやしのはどう,Heal Pulse,超能力,變化
Table_5,506,禍不單行,たたりめ,Hex,幽靈,特殊
Table_5,507,自由落體,フリーフォール,Sky Drop,飛行,物理
Table_5,508,換檔,ギアチェンジ,Shift Gear,鋼,變化
Table_5,509,巴投,ともえなげ,Circle Throw,格鬥,物理
Table_5,510,燒盡,やきつくす,Incinerate,火,特殊
Table_5,511,延後,さきおくり,Quash,惡,變化
Table_5,512,雜技,アクロバット,Acrobatics,飛行,物理
Table_5,513,鏡面屬性,ミラータイプ,Reflect Type,一般,變化
Table_5,514,報仇,かたきうち,Retaliate,一般,物理
Table_5,515,搏命,いのちがけ,Final Gambit,格鬥,特殊
Table_5,516,傳遞禮物,ギフトパス,Bestow,一般,變化
Table_5,517,煉獄,れんごく,Inferno,火,特殊
Table_5,518,水之誓約,みずのちかい,Water Pledge,水,特殊
Table_5,519,火之誓約,ほのおのちかい,Fire Pledge,火,特殊
Table_5,520,草之誓約,くさのちかい,Grass Pledge,草,特殊
Table_5,521,伏特替換,ボルトチェンジ,Volt Switch,電,特殊
Table_5,522,蟲之抵抗,むしのていこう,Struggle Bug,蟲,特殊
Table_5,523,重踏,じならし,Bulldoze,地面,物理
Table_5,524,冰息,こおりのいぶき,Frost Breath,冰,特殊
Table_5,525,龍尾,ドラゴンテール,Dragon Tail,龍,物理
Table_5,526,自我激勵,ふるいたてる,Work Up,一般,變化
Table_5,527,電網,エレキネット,Electroweb,電,特殊
Table_5,528,瘋狂伏特,ワイルドボルト,Wild Charge,電,物理
Table_5,529,直衝鑽,ドリルライナー,Drill Run,地面,物理
Table_5,530,二連劈,ダブルチョップ,Dual Chop,龍,物理
Table_5,531,愛心印章,ハートスタンプ,Heart Stamp,超能力,物理
Table_5,532,木角,ウッドホーン,Horn Leech,草,物理
Table_5,533,聖劍,せいなるつるぎ,Sacred Sword,格鬥,物理
Table_5,534,貝殼刃,シェルブレード,Razor Shell,水,物理
Table_5,535,高溫重壓,ヒートスタンプ,Heat Crash,火,物理
Table_5,536,青草攪拌器,グラスミキサー,Leaf Tornado,草,特殊
Table_5,537,瘋狂滾壓,ハードローラー,Steamroller,蟲,物理
Table_5,538,棉花防守,コットンガード,Cotton Guard,草,變化
Table_5,539,暗黑爆破,ナイトバースト,Night Daze,惡,特殊
Table_5,540,精神擊破,サイコブレイク,Psystrike,超能力,特殊
Table_5,541,掃尾拍打,スイープビンタ,Tail Slap,一般,物理
Table_5,542,暴風,ぼうふう,Hurricane,飛行,特殊
Table_5,543,爆炸頭突擊,アフロブレイク,Head Charge,一般,物理
Table_5,544,齒輪飛盤,ギアソーサー,Gear Grind,鋼,物理
Table_5,545,火焰彈,かえんだん,Searing Shot,火,特殊
Table_5,546,高科技光炮,テクノバスター,Techno Blast,一般,特殊
Table_5,547,古老之歌,いにしえのうた,Relic Song,一般,特殊
Table_5,548,神秘之劍,しんぴのつるぎ,Secret Sword,格鬥,特殊
Table_5,549,冰封世界,こごえるせかい,Glaciate,冰,特殊
Table_5,550,雷擊,らいげき,Bolt Strike,電,物理
Table_5,551,青焰,あおいほのお,Blue Flare,火,特殊
Table_5,552,火之舞,ほのおのまい,Fiery Dance,火,特殊
Table_5,553,冰凍伏特,フリーズボルト,Freeze Shock,冰,物理
Table_5,554,極寒冷焰,コールドフレア,Ice Burn,冰,特殊
Table_5,555,大聲咆哮,バークアウト,Snarl,惡,特殊
Table_5,556,冰柱墜擊,つららおとし,Icicle Crash,冰,物理
Table_5,557,Ｖ熱焰,Ｖジェネレート,V-create,火,物理
Table_5,558,交錯火焰,クロスフレイム,Fusion Flare,火,特殊
Table_5,559,交錯閃電,クロスサンダー,Fusion Bolt,電,物理
Table_6,560,飛身重壓,フライングプレス,Flying Press,格鬥,物理
Table_6,561,掀榻榻米,たたみがえし,Mat Block,格鬥,變化
Table_6,562,打嗝,ゲップ,Belch,毒,特殊
Table_6,563,耕地,たがやす,Rototiller,地面,變化
Table_6,564,黏黏網,ねばねばネット,Sticky Web,蟲,變化
Table_6,565,致命針刺,とどめばり,Fell Stinger,蟲,物理
Table_6,566,潛靈奇襲,ゴーストダイブ,Phantom Force,幽靈,物理
Table_6,567,萬聖夜,ハロウィン,Trick-or-Treat,幽靈,變化
Table_6,568,戰吼,おたけび,Noble Roar,一般,變化
Table_6,569,等離子浴,プラズマシャワー,Ion Deluge,電,變化
Table_6,570,拋物面充電,パラボラチャージ,Parabolic Charge,電,特殊
Table_6,571,森林詛咒,もりののろい,Forest's Curse,草,變化
Table_6,572,落英繽紛,はなふぶき,Petal Blizzard,草,物理
Table_6,573,冷凍乾燥,フリーズドライ,Freeze-Dry,冰,特殊
Table_6,574,魅惑之聲,チャームボイス,Disarming Voice,妖精,特殊
Table_6,575,拋下狠話,すてゼリフ,Parting Shot,惡,變化
Table_6,576,顛倒,ひっくりかえす,Topsy-Turvy,惡,變化
Table_6,577,吸取之吻,ドレインキッス,Draining Kiss,妖精,特殊
Table_6,578,戲法防守,トリックガード,Crafty Shield,妖精,變化
Table_6,579,鮮花防守,フラワーガード,Flower Shield,妖精,變化
Table_6,580,青草場地,グラスフィールド,Grassy Terrain,草,變化
Table_6,581,薄霧場地,ミストフィールド,Misty Terrain,妖精,變化
Table_6,582,輸電,そうでん,Electrify,電,變化
Table_6,583,嬉鬧,じゃれつく,Play Rough,妖精,物理
Table_6,584,妖精之風,ようせいのかぜ,Fairy Wind,妖精,特殊
Table_6,585,月亮之力,ムーンフォース,Moonblast,妖精,特殊
Table_6,586,爆音波,ばくおんぱ,Boomburst,一般,特殊
Table_6,587,妖精之鎖,フェアリーロック,Fairy Lock,妖精,變化
Table_6,588,王者盾牌,キングシールド,King's Shield,鋼,變化
Table_6,589,和睦相處,なかよくする,Play Nice,一般,變化
Table_6,590,密語,ないしょばなし,Confide,一般,變化
Table_6,591,鑽石風暴,ダイヤストーム,Diamond Storm,岩石,物理
Table_6,592,蒸汽爆炸,スチームバースト,Steam Eruption,水,特殊
Table_6,593,異次元洞,いじげんホール,Hyperspace Hole,超能力,特殊
Table_6,594,飛水手裡劍,みずしゅりけん,Water Shuriken,水,特殊
Table_6,595,魔法火焰,マジカルフレイム,Mystical Fire,火,特殊
Table_6,596,尖刺防守,ニードルガード,Spiky Shield,草,變化
Table_6,597,芳香薄霧,アロマミスト,Aromatic Mist,妖精,變化
Table_6,598,怪異電波,かいでんぱ,Eerie Impulse,電,變化
Table_6,599,毒液陷阱,ベノムトラップ,Venom Drench,毒,變化
Table_6,600,粉塵,ふんじん,Powder,蟲,變化
Table_6,601,大地掌控,ジオコントロール,Geomancy,妖精,變化
Table_6,602,磁場操控,じばそうさ,Magnetic Flux,電,變化
Table_6,603,歡樂時光,ハッピータイム,Happy Hour,一般,變化
Table_6,604,電氣場地,エレキフィールド,Electric Terrain,電,變化
Table_6,605,魔法閃耀,マジカルシャイン,Dazzling Gleam,妖精,特殊
Table_6,606,慶祝,おいわい,Celebrate,一般,變化
Table_6,607,牽手,てをつなぐ,Hold Hands,一般,變化
Table_6,608,圓瞳,つぶらなひとみ,Baby-Doll Eyes,妖精,變化
Table_6,609,蹭蹭臉頰,ほっぺすりすり,Nuzzle,電,物理
Table_6,610,手下留情,てかげん,Hold Back,一般,物理
Table_6,611,死纏爛打,まとわりつく,Infestation,蟲,特殊
Table_6,612,增強拳,グロウパンチ,Power-Up Punch,格鬥,物理
Table_6,613,死亡之翼,デスウイング,Oblivion Wing,飛行,特殊
Table_6,614,千箭齊發,サウザンアロー,Thousand Arrows,地面,物理
Table_6,615,千波激盪,サウザンウェーブ,Thousand Waves,地面,物理
Table_6,616,大地神力,グランドフォース,Land's Wrath,地面,物理
Table_6,617,破滅之光,はめつのひかり,Light of Ruin,妖精,特殊
Table_6,618,根源波動,こんげんのはどう,Origin Pulse,水,特殊
Table_6,619,斷崖之劍,だんがいのつるぎ,Precipice Blades,地面,物理
Table_6,620,畫龍點睛,ガリョウテンセイ,Dragon Ascent,飛行,物理
Table_6,621,異次元猛攻,いじげんラッシュ,Hyperspace Fury,惡,物理
Table_7,622,究極無敵大衝撞,ウルトラダッシュアタック,Breakneck Blitz,一般,物理
Table_7,624,全力無雙激烈拳,ぜんりょくむそうげきれつけん,All-Out Pummeling,格鬥,物理
Table_7,626,極速俯衝轟烈撞,ファイナルダイブクラッシュ,Supersonic Skystrike,飛行,物理
Table_7,628,強酸劇毒滅絕雨,アシッドポイズンデリート,Acid Downpour,毒,物理
Table_7,630,地隆嘯天大終結,ライジングランドオーバー,Tectonic Rage,地面,物理
Table_7,632,毀天滅地巨岩墜,ワールズエンドフォール,Continental Crush,岩石,物理
Table_7,634,絕對捕食迴旋斬,ぜったいほしょくかいてんざん,Savage Spin-Out,蟲,物理
Table_7,636,無盡暗夜之誘惑,むげんあんやへのいざない,Never-Ending Nightmare,幽靈,物理
Table_7,638,超絕螺旋連擊,ちょうぜつらせんれんげき,Corkscrew Crash,鋼,物理
Table_7,640,超強極限爆焰彈,ダイナミックフルフレイム,Inferno Overdrive,火,物理
Table_7,642,超級水流大漩渦,スーパーアクアトルネード,Hydro Vortex,水,物理
Table_7,644,絢爛繽紛花怒放,ブルームシャインエクストラ,Bloom Doom,草,物理
Table_7,646,終極伏特狂雷閃,スパーキングギガボルト,Gigavolt Havoc,電,物理
Table_7,648,至高精神破壞波,マキシマムサイブレイカー,Shattered Psyche,超能力,物理
Table_7,650,激狂大地萬里冰,レイジングジオフリーズ,Subzero Slammer,冰,物理
Table_7,652,究極巨龍震天地,アルティメットドラゴンバーン,Devastating Drake,龍,物理
Table_7,654,黑洞吞噬萬物滅,ブラックホールイクリプス,Black Hole Eclipse,惡,物理
Table_7,656,可愛星星飛天撞,ラブリースターインパクト,Twinkle Tackle,妖精,物理
Table_7,658,皮卡皮卡必殺擊,ひっさつのピカチュート,Catastropika,電,物理
Table_7,659,集沙,すなあつめ,Shore Up,地面,變化
Table_7,660,迎頭一擊,であいがしら,First Impression,蟲,物理
Table_7,661,碉堡,トーチカ,Baneful Bunker,毒,變化
Table_7,662,縫影,かげぬい,Spirit Shackle,幽靈,物理
Table_7,663,ＤＤ金勾臂,ＤＤラリアット,Darkest Lariat,惡,物理
Table_7,664,泡影的詠歎調,うたかたのアリア,Sparkling Aria,水,特殊
Table_7,665,冰錘,アイスハンマー,Ice Hammer,冰,物理
Table_7,666,花療,フラワーヒール,Floral Healing,妖精,變化
Table_7,667,十萬馬力,１０まんばりき,High Horsepower,地面,物理
Table_7,668,吸取力量,ちからをすいとる,Strength Sap,草,變化
Table_7,669,日光刃,ソーラーブレード,Solar Blade,草,物理
Table_7,670,樹葉,このは,Leafage,草,物理
Table_7,671,聚光燈,スポットライト,Spotlight,一般,變化
Table_7,672,毒絲,どくのいと,Toxic Thread,毒,變化
Table_7,673,磨礪,とぎすます,Laser Focus,一般,變化
Table_7,674,輔助齒輪,アシストギア,Gear Up,鋼,變化
Table_7,675,地獄突刺,じごくづき,Throat Chop,惡,物理
Table_7,676,花粉團,かふんだんご,Pollen Puff,蟲,特殊
Table_7,677,擲錨,アンカーショット,Anchor Shot,鋼,物理
Table_7,678,精神場地,サイコフィールド,Psychic Terrain,超能力,變化
Table_7,679,猛撲,とびかかる,Lunge,蟲,物理
Table_7,680,火焰鞭,ほのおのムチ,Fire Lash,火,物理
Table_7,681,囂張,つけあがる,Power Trip,惡,物理
Table_7,682,燃盡,もえつきる,Burn Up,火,特殊
Table_7,683,速度互換,スピードスワップ,Speed Swap,超能力,變化
Table_7,684,修長之角,スマートホーン,Smart Strike,鋼,物理
Table_7,685,淨化,じょうか,Purify,毒,變化
Table_7,686,覺醒之舞,めざめるダンス,Revelation Dance,一般,特殊
Table_7,687,核心懲罰者,コアパニッシャー,Core Enforcer,龍,特殊
Table_7,688,熱帶踢,トロピカルキック,Trop Kick,草,物理
Table_7,689,號令,さいはい,Instruct,超能力,變化
Table_7,690,鳥嘴加農炮,くちばしキャノン,Beak Blast,飛行,物理
Table_7,691,鱗片噪音,スケイルノイズ,Clanging Scales,龍,特殊
Table_7,692,龍錘,ドラゴンハンマー,Dragon Hammer,龍,物理
Table_7,693,狂舞揮打,ぶんまわす,Brutal Swing,惡,物理
Table_7,694,極光幕,オーロラベール,Aurora Veil,冰,變化
Table_7,695,遮天蔽日暗影箭,シャドーアローズストライク,Sinister Arrow Raid,幽靈,物理
Table_7,696,極惡飛躍粉碎擊,ハイパーダーククラッシャー,Malicious Moonsault,惡,物理
Table_7,697,海神莊嚴交響樂,わだつみのシンフォニア,Oceanic Operetta,水,特殊
Table_7,698,巨人衛士・阿羅拉,ガーディアン・デ・アローラ,Guardian of Alola,妖精,特殊
Table_7,699,七星奪魂腿,しちせいだっこんたい,Soul-Stealing 7-Star Strike,幽靈,物理
Table_7,700,駕雷馭電戲衝浪,ライトニングサーフライド,Stoked Sparksurfer,電,特殊
Table_7,701,認真起來大爆擊,ほんきをだす　こうげき,Pulverizing Pancake,一般,物理
Table_7,702,九彩昇華齊聚頂,ナインエボルブースト,Extreme Evoboost,一般,變化
Table_7,703,起源超新星大爆炸,オリジンズスーパーノヴァ,Genesis Supernova,超能力,特殊
Table_7,704,陷阱甲殼,トラップシェル,Shell Trap,火,特殊
Table_7,705,花朵加農炮,フルールカノン,Fleur Cannon,妖精,特殊
Table_7,706,精神之牙,サイコファング,Psychic Fangs,超能力,物理
Table_7,707,跺腳,じだんだ,Stomping Tantrum,地面,物理
Table_7,708,暗影之骨,シャドーボーン,Shadow Bone,幽靈,物理
Table_7,709,衝岩,アクセルロック,Accelerock,岩石,物理
Table_7,710,水流裂破,アクアブレイク,Liquidation,水,物理
Table_7,711,稜鏡鐳射,プリズムレーザー,Prismatic Laser,超能力,特殊
Table_7,712,暗影偷盜,シャドースチール,Spectral Thief,幽靈,物理
Table_7,713,流星閃衝,メテオドライブ,Sunsteel Strike,鋼,物理
Table_7,714,暗影之光,シャドーレイ,Moongeist Beam,幽靈,特殊
Table_7,715,淚眼汪汪,なみだめ,Tearful Look,一般,變化
Table_7,716,麻麻刺刺,びりびりちくちく,Zing Zap,電,物理
Table_7,717,自然之怒,しぜんのいかり,Nature's Madness,妖精,特殊
Table_7,718,多屬性攻擊,マルチアタック,Multi-Attack,一般,物理
Table_7,719,千萬伏特,１０００まんボルト,"10,000,000 Volt Thunderbolt",電,特殊
Table_7,720,驚爆大頭,ビックリヘッド,Mind Blown,火,特殊
Table_7,721,等離子閃電拳,プラズマフィスト,Plasma Fists,電,物理
Table_7,722,光子噴湧,フォトンゲイザー,Photon Geyser,超能力,特殊
Table_7,723,熾魂熱舞烈音爆,ブレイジングソウルビート,Clangorous Soulblaze,龍,特殊
Table_7,724,狼嘯石牙颶風暴,ラジアルエッジストーム,Splintered Stormshards,岩石,物理
Table_7,725,親密無間大亂揍,ぽかぼかフレンドタイム,Let's Snuggle Forever,妖精,物理
Table_7,726,日光迴旋下蒼穹,サンシャインスマッシャー,Searing Sunraze Smash,鋼,物理
Table_7,727,月華飛濺落靈霄,ムーンライトブラスター,Menacing Moonraze Maelstrom,幽靈,特殊
Table_7,728,焚天滅世熾光爆,てんこがすめつぼうのひかり,Light That Burns the Sky,超能力,特殊
Table_7,729,電電加速,ばちばちアクセル,Zippy Zap,電,物理
Table_7,730,滔滔衝浪,ざぶざぶサーフ,Splishy Splash,水,特殊
Table_7,731,飄飄墜落,ふわふわフォール,Floaty Fall,飛行,物理
Table_7,732,閃閃雷光,ピカピカサンダー,Pika Papow,電,特殊
Table_7,733,活活氣泡,いきいきバブル,Bouncy Bubble,水,特殊
Table_7,734,麻麻電擊,びりびりエレキ,Buzzy Buzz,電,特殊
Table_7,735,熊熊火爆,めらめらバーン,Sizzly Slide,火,物理
Table_7,736,嘩嘩氣場,どばどばオーラ,Glitzy Glow,超能力,特殊
Table_7,737,壞壞領域,わるわるゾーン,Baddy Bad,惡,特殊
Table_7,738,茁茁轟炸,すくすくボンバー,Sappy Seed,草,物理
Table_7,739,冰冰霜凍,こちこちフロスト,Freezy Frost,冰,特殊
Table_7,740,亮亮風暴,きらきらストーム,Sparkly Swirl,妖精,特殊
Table_7,741,砰砰擊破,ブイブイブレイク,Veevee Volley,一般,物理
Table_7,742,鋼拳雙擊,ダブルパンツァー,Double Iron Bash,鋼,物理
Table_8,743,極巨防壁,ダイウォール,Max Guard,一般,變化
Table_8,744,極巨炮,ダイマックスほう,Dynamax Cannon,龍,特殊
Table_8,745,狙擊,ねらいうち,Snipe Shot,水,特殊
Table_8,746,緊咬不放,くらいつく,Jaw Lock,惡,物理
Table_8,747,大快朵頤,ほおばる,Stuff Cheeks,一般,變化
Table_8,748,背水一戰,はいすいのじん,No Retreat,格鬥,變化
Table_8,749,瀝青射擊,タールショット,Tar Shot,岩石,變化
Table_8,750,魔法粉,まほうのこな,Magic Powder,超能力,變化
Table_8,751,龍箭,ドラゴンアロー,Dragon Darts,龍,物理
Table_8,752,茶會,おちゃかい,Teatime,一般,變化
Table_8,753,蛸固,たこがため,Octolock,格鬥,變化
Table_8,754,電喙,でんげきくちばし,Bolt Beak,電,物理
Table_8,755,鰓咬,エラがみ,Fishious Rend,水,物理
Table_8,756,換場,コートチェンジ,Court Change,一般,變化
Table_8,757,極巨火爆,ダイバーン,Max Flare,火,極巨
Table_8,758,極巨蟲蠱,ダイワーム,Max Flutterby,蟲,極巨
Table_8,759,極巨閃電,ダイサンダー,Max Lightning,電,極巨
Table_8,760,極巨攻擊,ダイアタック,Max Strike,一般,極巨
Table_8,761,極巨拳鬥,ダイナックル,Max Knuckle,格鬥,極巨
Table_8,762,極巨幽魂,ダイホロウ,Max Phantasm,幽靈,極巨
Table_8,763,極巨寒冰,ダイアイス,Max Hailstorm,冰,極巨
Table_8,764,極巨酸毒,ダイアシッド,Max Ooze,毒,極巨
Table_8,765,極巨水流,ダイストリーム,Max Geyser,水,極巨
Table_8,766,極巨飛衝,ダイジェット,Max Airstream,飛行,極巨
Table_8,767,極巨妖精,ダイフェアリー,Max Starfall,妖精,極巨
Table_8,768,極巨龍騎,ダイドラグーン,Max Wyrmwind,龍,極巨
Table_8,769,極巨超能,ダイサイコ,Max Mindstorm,超能力,極巨
Table_8,770,極巨岩石,ダイロック,Max Rockfall,岩石,極巨
Table_8,771,極巨大地,ダイアース,Max Quake,地面,極巨
Table_8,772,極巨惡霸,ダイアーク,Max Darkness,惡,極巨
Table_8,773,極巨草原,ダイソウゲン,Max Overgrowth,草,極巨
Table_8,774,極巨鋼鐵,ダイスチル,Max Steelspike,鋼,極巨
Table_8,775,魂舞烈音爆,ソウルビート,Clangorous Soul,龍,變化
Table_8,776,撲擊,ボディプレス,Body Press,格鬥,物理
Table_8,777,裝飾,デコレーション,Decorate,妖精,變化
Table_8,778,鼓擊,ドラムアタック,Drum Beating,草,物理
Table_8,779,捕獸夾,トラバサミ,Snap Trap,草,物理
Table_8,780,火焰球,かえんボール,Pyro Ball,火,物理
Table_8,781,巨獸斬,きょじゅうざん,Behemoth Blade,鋼,物理
Table_8,782,巨獸彈,きょじゅうだん,Behemoth Bash,鋼,物理
Table_8,783,氣場輪,オーラぐるま,Aura Wheel,電,物理
Table_8,784,廣域破壞,ワイドブレイカー,Breaking Swipe,龍,物理
Table_8,785,木枝突刺,えだづき,Branch Poke,草,物理
Table_8,786,破音,オーバードライブ,Overdrive,電,特殊
Table_8,787,蘋果酸,りんごさん,Apple Acid,草,特殊
Table_8,788,萬有引力,Ｇのちから,Grav Apple,草,物理
Table_8,789,靈魂衝擊,ソウルクラッシュ,Spirit Break,妖精,物理
Table_8,790,神奇蒸汽,ワンダースチーム,Strange Steam,妖精,特殊
Table_8,791,生命水滴,いのちのしずく,Life Dew,水,變化
Table_8,792,攔堵,ブロッキング,Obstruct,惡,變化
Table_8,793,假跪真撞,どげざつき,False Surrender,惡,物理
Table_8,794,流星突擊,スターアサルト,Meteor Assault,格鬥,物理
Table_8,795,無極光束,ムゲンダイビーム,Eternabeam,龍,特殊
Table_8,796,鐵蹄光線,てっていこうせん,Steel Beam,鋼,特殊
Table_8,—,超極巨地獄滅焰,キョダイゴクエン,G-Max Wildfire,火,超極巨
Table_8,—,超極巨蝶影蠱惑,キョダイコワク,G-Max Befuddle,蟲,超極巨
Table_8,—,超極巨萬雷轟頂,キョダイバンライ,G-Max Volt Crash,電,超極巨
Table_8,—,超極巨特大金幣,キョダイコバン,G-Max Gold Rush,一般,超極巨
Table_8,—,超極巨會心一擊,キョダイシンゲキ,G-Max Chi Strike,格鬥,超極巨
Table_8,—,超極巨幻影幽魂,キョダイゲンエイ,G-Max Terror,幽靈,超極巨
Table_8,—,超極巨極光旋律,キョダイセンリツ,G-Max Resonance,冰,超極巨
Table_8,—,超極巨熱情擁抱,キョダイホーヨー,G-Max Cuddle,一般,超極巨
Table_8,—,超極巨資源再生,キョダイサイセイ,G-Max Replenish,一般,超極巨
Table_8,—,超極巨臭氣沖天,キョダイシュウキ,G-Max Malodor,毒,超極巨
Table_8,—,超極巨岩陣以待,キョダイガンジン,G-Max Stonesurge,水,超極巨
Table_8,—,超極巨旋風襲捲,キョダイフウゲキ,G-Max Wind Rage,飛行,超極巨
Table_8,—,超極巨異毒電場,キョダイカンデン,G-Max Stun Shock,電,超極巨
Table_8,—,超極巨幸福圓滿,キョダイダンエン,G-Max Finale,妖精,超極巨
Table_8,—,超極巨劣化衰變,キョダイゲンスイ,G-Max Depletion,龍,超極巨
Table_8,—,超極巨天道七星,キョダイテンドウ,G-Max Gravitas,超能力,超極巨
Table_8,—,超極巨炎石噴發,キョダイフンセキ,G-Max Volcalith,岩石,超極巨
Table_8,—,超極巨沙塵漫天,キョダイサジン,G-Max Sandblast,地面,超極巨
Table_8,—,超極巨睡魔降臨,キョダイスイマ,G-Max Snooze,惡,超極巨
Table_8,—,超極巨酸不溜丟,キョダイサンゲキ,G-Max Tartness,草,超極巨
Table_8,—,超極巨瓊漿玉液,キョダイカンロ,G-Max Sweetness,草,超極巨
Table_8,—,超極巨天譴雷誅,キョダイテンバツ,G-Max Smite,妖精,超極巨
Table_8,—,超極巨鋼鐵陣法,キョダイコウジン,G-Max Steelsurge,鋼,超極巨
Table_8,—,超極巨液金熔擊,キョダイユウゲキ,G-Max Meltdown,鋼,超極巨
Table_8,—,超極巨激漩泡渦,キョダイホウマツ,G-Max Foam Burst,水,超極巨
Table_8,—,超極巨百火焚野,キョダイヒャッカ,G-Max Centiferno,火,超極巨
Table_8,797,廣域戰力,ワイドフォース,Expanding Force,超能力,特殊
Table_8,798,鐵滾輪,アイアンローラー,Steel Roller,鋼,物理
Table_8,799,鱗射,スケイルショット,Scale Shot,龍,物理
Table_8,800,流星光束,メテオビーム,Meteor Beam,岩石,特殊
Table_8,801,臂貝武器,シェルアームズ,Shell Side Arm,毒,特殊
Table_8,802,薄霧炸裂,ミストバースト,Misty Explosion,妖精,特殊
Table_8,803,青草滑梯,グラススライダー,Grassy Glide,草,物理
Table_8,804,電力上升,ライジングボルト,Rising Voltage,電,特殊
Table_8,805,大地波動,だいちのはどう,Terrain Pulse,一般,特殊
Table_8,806,爬擊,はいよるいちげき,Skitter Smack,蟲,物理
Table_8,807,妒火,しっとのほのお,Burning Jealousy,火,特殊
Table_8,808,洩憤,うっぷんばらし,Lash Out,惡,物理
Table_8,809,靈騷,ポルターガイスト,Poltergeist,幽靈,物理
Table_8,810,腐蝕氣體,ふしょくガス,Corrosive Gas,毒,變化
Table_8,811,指導,コーチング,Coaching,格鬥,變化
Table_8,812,快速折返,クイックターン,Flip Turn,水,物理
Table_8,813,三旋擊,トリプルアクセル,Triple Axel,冰,物理
Table_8,814,雙翼,ダブルウイング,Dual Wingbeat,飛行,物理
Table_8,815,熱沙大地,ねっさのだいち,Scorching Sands,地面,特殊
Table_8,816,叢林治療,ジャングルヒール,Jungle Healing,草,變化
Table_8,817,暗冥強擊,あんこくきょうだ,Wicked Blow,惡,物理
Table_8,818,水流連打,すいりゅうれんだ,Surging Strikes,水,物理
Table_8,—,超極巨狂擂亂打,キョダイコランダ,G-Max Drum Solo,草,超極巨
Table_8,—,超極巨破陣火球,キョダイカキュウ,G-Max Fireball,火,超極巨
Table_8,—,超極巨狙擊神射,キョダイソゲキ,G-Max Hydrosnipe,水,超極巨
Table_8,—,超極巨灰飛鞭滅,キョダイベンタツ,G-Max Vine Lash,草,超極巨
Table_8,—,超極巨水砲轟滅,キョダイホウゲキ,G-Max Cannonade,水,超極巨
Table_8,—,超極巨奪命一擊,キョダイイチゲキ,G-Max One Blow,惡,超極巨
Table_8,—,超極巨流水連擊,キョダイレンゲキ,G-Max Rapid Flow,水,超極巨
Table_8,819,雷電囚籠,サンダープリズン,Thunder Cage,電,特殊
Table_8,820,巨龍威能,ドラゴンエナジー,Dragon Energy,龍,特殊
Table_8,821,冰冷視線,いてつくしせん,Freezing Glare,超能力,特殊
Table_8,822,怒火中燒,もえあがるいかり,Fiery Wrath,惡,特殊
Table_8,823,雷鳴蹴擊,らいめいげり,Thunderous Kick,格鬥,物理
Table_8,824,雪矛,ブリザードランス,Glacial Lance,冰,物理
Table_8,825,星碎,アストラルビット,Astral Barrage,幽靈,特殊
Table_8,826,詭異咒語,ぶきみなじゅもん,Eerie Spell,超能力,特殊
Table_8,827,剋命爪,フェイタルクロー,Dire Claw,毒,物理
Table_8,828,屏障猛攻,バリアーラッシュ,Psyshield Bash,超能力,物理
Table_8,829,力量轉換,パワーシフト,Power Shift,一般,變化
Table_8,830,岩斧,がんせきアックス,Stone Axe,岩石,物理
Table_8,831,陽春風暴,はるのあらし,Springtide Storm,妖精,特殊
Table_8,832,神秘之力,しんぴのちから,Mystical Power,超能力,特殊
Table_8,833,大憤慨,だいふんげき,Raging Fury,火,物理
Table_8,834,波動衝,ウェーブタックル,Wave Crash,水,物理
Table_8,835,葉綠爆震,クロロブラスト,Chloroblast,草,特殊
Table_8,836,冰山風,ひょうざんおろし,Mountain Gale,冰,物理
Table_8,837,勝利之舞,しょうりのまい,Victory Dance,格鬥,變化
Table_8,838,突飛猛撲,ぶちかまし,Headlong Rush,地面,物理
Table_8,839,毒千針,どくばりセンボン,Barb Barrage,毒,物理
Table_8,840,氣場之翼,オーラウイング,Esper Wing,超能力,特殊
Table_8,841,冤冤相報,うらみつらみ,Bitter Malice,幽靈,特殊
Table_8,842,閉關,たてこもる,Shelter,鋼,變化
Table_8,843,三連箭,３ぼんのや,Triple Arrows,格鬥,物理
Table_8,844,群魔亂舞,ひゃっきやこう,Infernal Parade,幽靈,特殊
Table_8,845,秘劍・千重濤,ひけん・ちえなみ,Ceaseless Edge,惡,物理
Table_8,846,枯葉風暴,こがらしあらし,Bleakwind Storm,飛行,特殊
Table_8,847,鳴雷風暴,かみなりあらし,Wildbolt Storm,電,特殊
Table_8,848,熱沙風暴,ねっさのあらし,Sandsear Storm,地面,特殊
Table_8,849,新月祈禱,みかづきのいのり,Lunar Blessing,超能力,變化
Table_8,850,勇氣填充,ブレイブチャージ,Take Heart,超能力,變化
Table_9,851,太晶爆發,テラバースト,Tera Blast,一般,特殊
Table_9,852,線阱,スレッドトラップ,Silk Trap,蟲,變化
Table_9,853,下壓踢,かかとおとし,Axe Kick,格鬥,物理
Table_9,854,掃墓,おはかまいり,Last Respects,幽靈,物理
Table_9,855,琉光衝激,ルミナコリジョン,Lumina Crash,超能力,特殊
Table_9,856,上菜,いっちょうあがり,Order Up,龍,物理
Table_9,857,噴射拳,ジェットパンチ,Jet Punch,水,物理
Table_9,858,辣椒精華,ハバネロエキス,Spicy Extract,草,變化
Table_9,859,疾速轉輪,ホイールスピン,Spin Out,鋼,物理
Table_9,860,鼠數兒,ネズミざん,Population Bomb,一般,物理
Table_9,861,冰旋,アイススピナー,Ice Spinner,冰,物理
Table_9,862,巨劍突擊,きょけんとつげき,Glaive Rush,龍,物理
Table_9,863,復生祈禱,さいきのいのり,Revival Blessing,一般,變化
Table_9,864,鹽醃,しおづけ,Salt Cure,岩石,物理
Table_9,865,三連鑽,トリプルダイブ,Triple Dive,水,物理
Table_9,866,晶光轉轉,キラースピン,Mortal Spin,毒,物理
Table_9,867,描繪,うつしえ,Doodle,一般,變化
Table_9,868,甩肉,みをけずる,Fillet Away,一般,變化
Table_9,869,仆斬,ドゲザン,Kowtow Cleave,惡,物理
Table_9,870,千變萬花,トリックフラワー,Flower Trick,草,物理
Table_9,871,閃焰高歌,フレアソング,Torch Song,火,特殊
Table_9,872,流水旋舞,アクアステップ,Aqua Step,水,物理
Table_9,873,怒牛,レイジングブル,Raging Bull,一般,物理
Table_9,874,淘金潮,ゴールドラッシュ,Make It Rain,鋼,特殊
Table_9,875,精神劍,サイコブレイド,Psyblade,超能力,物理
Table_9,876,水蒸氣,ハイドロスチーム,Hydro Steam,水,特殊
Table_9,877,大災難,カタストロフィ,Ruination,惡,特殊
Table_9,878,全開猛撞,アクセルブレイク,Collision Course,格鬥,物理
Table_9,879,閃電猛衝,イナズマドライブ,Electro Drift,電,特殊
Table_9,880,斷尾,しっぽきり,Shed Tail,一般,變化
Table_9,881,冷笑話,さむいギャグ,Chilly Reception,冰,變化
Table_9,882,大掃除,おかたづけ,Tidy Up,一般,變化
Table_9,883,雪景,ゆきげしき,Snowscape,冰,變化
Table_9,884,蟲撲,とびつく,Pounce,蟲,物理
Table_9,885,起草,くさわけ,Trailblaze,草,物理
Table_9,886,潑冷水,ひやみず,Chilling Water,水,特殊
Table_9,887,強力鑽,ハイパードリル,Hyper Drill,一般,物理
Table_9,888,雙光束,ツインビーム,Twin Beam,超能力,特殊
Table_9,889,憤怒之拳,ふんどのこぶし,Rage Fist,幽靈,物理
Table_9,890,鎧農炮,アーマーキャノン,Armor Cannon,火,特殊
Table_9,891,悔念劍,むねんのつるぎ,Bitter Blade,火,物理
Table_9,892,電光雙擊,でんこうそうげき,Double Shock,電,物理
Table_9,893,巨力錘,デカハンマー,Gigaton Hammer,鋼,物理
Table_9,894,復仇,ほうふく,Comeuppance,惡,物理
Table_9,895,水波刀,アクアカッター,Aqua Cutter,水,物理
Table_9,896,灼熱暴衝,バーンアクセル,Blazing Torque,火,物理
Table_9,897,黑暗暴衝,ダークアクセル,Wicked Torque,惡,物理
Table_9,898,劇毒暴衝,ポイズンアクセル,Noxious Torque,毒,物理
Table_9,899,格鬥暴衝,ファイトアクセル,Combat Torque,格鬥,物理
Table_9,900,魔法暴衝,マジカルアクセル,Magical Torque,妖精,物理
Table_9,901,血月,ブラッドムーン,Blood Moon,一般,特殊
Table_9,902,刷刷茶炮,シャカシャカほう,Matcha Gotcha,草,特殊
Table_9,903,糖漿炸彈,みずあめボム‎,Syrup Bomb‎,草,特殊
Table_9,904,棘藤棒,ツタこんぼう,Ivy Cudgel,草,物理
Table_9,905,電光束,エレクトロビーム,Electro Shot,電,特殊
Table_9,906,晶光星群,テラクラスター,Tera Starstorm,一般,特殊
Table_9,907,隨機光,きまぐレーザー,Fickle Beam,龍,特殊
Table_9,908,火焰守護,かえんのまもり,Burning Bulwark,火,變化
Table_9,909,迅雷,じんらい,Thunderclap,電,特殊
Table_9,910,強刃攻擊,パワフルエッジ,Mighty Cleave,岩石,物理
Table_9,911,迅子利刃,タキオンカッター,Tachyon Cutter,鋼,特殊
Table_9,912,硬壓,ハードプレス,Hard Press,鋼,物理
Table_9,913,龍聲鼓舞,ドラゴンエール,Dragon Cheer,龍,變化
Table_9,914,魅誘之聲,みわくのボイス,Alluring Voice,妖精,特殊
Table_9,915,豁出去,やけっぱち,Temper Flare,火,物理
Table_9,916,閃電強襲,サンダーダイブ,Supercell Slam,電,物理
Table_9,917,精神噪音,サイコノイズ,Psychic Noise,超能力,特殊
Table_9,918,快手還擊,はやてがえし,Upper Hand,格鬥,物理
Table_9,919,邪毒鎖鏈,じゃどくのくさり,Malignant Chain,毒,特殊
Table_9,920,歸無之光,むにきすひかり,Nihil Light,龍,特殊
